Date,Wind,Zon
2025-03-15,,249.37700372023812
2025-03-16,,387.8280461309524
2025-03-17,,191.205015625
2025-03-18,,425.98513541666665
2025-03-19,,406.29966145833333
2025-03-20,,391.5346651785714
2025-03-21,,300.6407321428572
2025-03-22,,192.46110416666664
2025-03-23,,253.0510007440476
2025-03-24,,182.94029166666667
2025-03-25,,293.9044992559524
2025-03-26,,134.0083742559524
2025-03-27,,426.25151785714286
2025-03-28,,201.9978251488095
2025-03-29,,375.4985513392857
2025-03-30,,236.3843236607143
2025-03-31,,373.3933601190476
2025-04-01,,448.0113497023809
2025-04-02,,443.2874501488095
2025-04-03,,436.00490401785714
2025-04-04,,450.914671875
2025-04-05,,456.0513601190477
2025-04-06,,482.50760565476185
2025-04-07,,477.98491741071433
2025-04-08,,465.7934248511905
2025-04-09,,450.2000930059524
2025-04-10,,329.07367782738095
2025-04-11,,461.773244047619
2025-04-12,,467.38124553571424
2025-04-13,,178.9321949404762
2025-04-14,,415.88709449404763
2025-04-15,,220.114015625
2025-04-16,,160.60189583333334
2025-04-17,,164.2901294642857
2025-04-18,,408.3474538690476
2025-04-19,,429.9935796130953
2025-04-20,,219.29634747023812
2025-04-21,,224.6300305059524
2025-04-22,,371.36848139880954
2025-04-23,,129.9910863095238
2025-04-24,,95.8326443452381
2025-04-25,,299.58129464285713
2025-04-26,,447.8364992559524
2025-04-27,,492.7235029761905
2025-04-28,,507.96905505952384
2025-04-29,,512.3764702380953
2025-04-30,,497.73689062500006
2025-05-01,,485.1396056547619
2025-05-02,,472.4473802083333
2025-05-03,,264.8377738095238
2025-05-04,,277.2190461309524
2025-05-05,,305.715234375
2025-05-06,,426.18992113095237
2025-05-07,,278.2634456845238
2025-05-08,,445.465896577381
2025-05-09,,539.2954188988094
2025-05-10,,537.3464791666667
2025-05-11,,506.6319546130952
2025-05-12,,477.32313392857145
2025-05-13,,510.40836160714287
2025-05-14,,502.7025915178572
2025-05-15,,281.0560892857143
2025-05-16,,507.8541919642857
2025-05-17,,400.1932366071428
2025-05-18,,190.57410342261906
2025-05-19,,481.3344174107143
2025-05-20,,472.50775744047615
2025-05-21,,357.0095870535714
2025-05-22,,297.2873058035714
2025-05-23,,388.065453125
2025-05-24,,131.33958705357142
2025-05-25,,281.12964211309526
2025-05-26,,322.52776116071425
2025-05-27,,154.25556175595239
2025-05-28,,288.4636956845238
2025-05-29,,216.73339360119047
2025-05-30,,443.7240602678571
2025-05-31,,421.92750669642857
2025-06-01,,332.44628348214286
2025-06-02,,384.4946919642857
2025-06-03,,422.4900744047619
2025-06-04,,289.32088244047617
2025-06-05,,230.19036532738096
2025-06-06,,361.7776607142857
2025-06-07,,274.1297232142857
2025-06-08,,381.94541220238096
2025-06-09,,344.4861130952381
2025-06-10,,255.7313630952381
2025-06-11,,553.351441220238
2025-06-12,,533.7309508928572
2025-06-13,,474.88376562499997
2025-06-14,,294.5498913690476
2025-06-15,,437.3428050595238
2025-06-16,,491.55613764880957
2025-06-17,,476.79499851190474
2025-06-18,,509.4159694940476
2025-06-19,,528.9779330357143
2025-06-20,,528.9032358630952
2025-06-21,,541.2383035714286
2025-06-22,,383.9502693452381
2025-06-23,,377.67400446428576
2025-06-24,,315.8642083333333
2025-06-25,,428.7278802083333
2025-06-26,,240.01192708333335
2025-06-27,,363.02034375
2025-06-28,,363.05890773809523
2025-06-29,,478.89941815476186
2025-06-30,,525.9834516369048
2025-07-01,,514.0412700892857
2025-07-02,,423.5378831845238
2025-07-03,,545.3322537202381
2025-07-04,,521.9317410714286
2025-07-05,,339.90173586309527
2025-07-06,,129.75945833333333
2025-07-07,,296.19518452380953
2025-07-08,,348.46947916666664
2025-07-09,,504.06162127976194
2025-07-10,,471.3423980654762
2025-07-11,,433.5977581845238
2025-07-12,,471.17066964285715
2025-07-13,,457.32525967261904
2025-07-14,,347.1744769345238
2025-07-15,,412.4036205357143
2025-07-16,,317.0880208333333
2025-07-17,,460.07282812500006
2025-07-18,,428.3353303571429
2025-07-19,,336.52380059523813
2025-07-20,,264.12121651785714
2025-07-21,,327.06737797619047
2025-07-22,,323.5361830357143
2025-07-23,,278.3515617559524
2025-07-24,,321.34328422619046
2025-07-25,,325.99870907738097
2025-07-26,,370.237837797619
2025-07-27,,236.26014211309524
2025-07-28,,322.78084449404764
2025-07-29,,292.3857961309524
2025-07-30,,372.07429017857146
2025-07-31,,208.94997321428573
2025-08-01,,350.94918080357144
2025-08-02,,273.37168973214284
2025-08-03,,406.3572663690476
2025-08-04,,325.0211592261905
2025-08-05,,402.94108482142855
2025-08-06,,416.93287946428575
2025-08-07,,385.02671205357143
2025-08-08,,251.65893452380953
2025-08-09,,486.3209263392857
2025-08-10,,464.20494568452386
2025-08-11,,503.69596651785713
2025-08-12,,458.74543750000004
2025-08-13,,393.5383824404762
2025-08-14,,407.5819456845238
2025-08-15,,453.61491517857144
2025-08-16,,120.45813690476191
2025-08-17,,413.15892857142853
2025-08-18,,359.53499999999997
2025-08-19,,457.77257514880955
2025-08-20,,325.55195982142857
2025-08-21,,373.5504352678571
2025-08-22,,207.78875818452383
2025-08-23,,289.1832581845238
2025-08-24,,461.77584523809526
2025-08-25,,469.6632641369048
2025-08-26,,372.81601636904765
2025-08-27,,331.293740327381
2025-08-28,,332.8631502976191
2025-08-29,,250.84488913690478
2025-08-30,,326.053796875
2025-08-31,,226.60851041666666
2025-09-01,,390.59705654761905
2025-09-02,,349.38253348214283
2025-09-03,,172.1271086309524
2025-09-04,,329.56588169642856
2025-09-05,,408.49075
2025-09-06,,426.2612537202381
2025-09-07,,491.57022247023804
2025-09-08,,310.11010639880953
2025-09-09,,266.8771785714286
2025-09-10,,305.9446450892857
2025-09-11,,283.14530803571427
2025-09-12,,356.4657641369048
2025-09-13,,269.2482946428571
2025-09-14,,334.38937723214286
2025-09-15,,325.86138169642857
2025-09-16,,325.1792135416667
2025-09-17,,159.0382410714286
2025-09-18,,139.9084300595238
2025-09-19,,438.8354196428571
2025-09-20,,143.8760119047619
2025-09-21,,149.02240327380952
2025-09-22,,277.6993229166667
2025-09-23,,266.93677976190475
2025-09-24,,201.37261607142855
2025-09-25,,108.92228422619047
2025-09-26,,210.31909895833334
2025-09-27,,291.4098489583333
2025-09-28,,402.03557961309525
2025-09-29,,291.1812068452381
2025-09-30,,280.6997819940476
2025-10-01,,285.6225699404762
2025-10-02,,275.49161830357144
2025-10-03,,83.65529389880952
2025-10-04,,259.5092306547619
2025-10-05,,161.08757068452383
2025-10-06,,119.27107886904761
2025-10-07,,62.40279985119047
2025-10-08,,111.421578125
2025-10-09,,189.53415550595238
2025-10-10,,109.45551636904763
2025-10-11,,72.32209300595238
2025-10-12,,152.67674404761905
2025-10-13,,78.43258482142858
2025-10-14,,91.95952529761905
2025-10-15,,68.19009747023809
2025-10-16,,114.02543452380954
2025-10-17,,80.9113511904762
2025-10-18,,148.79363913690477
2025-10-19,,150.9494032738095
2025-10-20,,122.37991592261903
2025-10-21,,101.24785342261904
2025-10-22,,124.6769293154762
2025-10-23,,40.36739732142857
2025-10-24,,205.6541056547619
2025-10-25,,70.76904910714286
2025-10-26,,180.69416071428572
2025-10-27,,113.64847544642858
2025-10-28,,102.2920982142857
2025-10-29,,72.96496651785714
2025-10-30,,252.92569940476193
2025-10-31,,105.34624479166666
2025-11-01,,41.64844717261904
2025-11-02,,147.6160044642857
2025-11-03,,86.42019940476192
2025-11-04,,187.28286979166666
2025-11-05,,188.88403125
2025-11-06,,140.17649107142856
2025-11-07,,237.23965550595238
2025-11-08,,145.00359747023808
2025-11-09,,173.35943601190476
2025-11-10,,97.39295014880952
2025-11-11,,78.86501785714286
2025-11-12,,166.12169717261904
2025-11-13,,57.21455729166667
2025-11-14,,24.596197172619046
2025-11-15,,50.41551339285714
2025-11-16,,20.165859375
2025-11-17,,142.92980952380952
2025-11-18,,73.71864732142856
2025-11-19,,31.534502232142856
2025-11-20,,28.588510416666665
2025-11-21,,127.77352529761905
2025-11-22,,154.97002529761906
2025-11-23,,31.348453125000002
2025-11-24,,60.617089285714286
2025-11-25,,46.20394122023809
2025-11-26,,93.47760714285714
2025-11-27,,17.249153273809526
2025-11-28,,24.120287946428572
2025-11-29,,38.69258407738095
2025-11-30,,78.95657886904762
2025-12-01,,55.48703869047619
2025-12-02,,57.19307738095238
2025-12-03,,52.265109375
2025-12-04,,80.19127157738096
2025-12-05,,84.75339732142858
2025-12-06,,30.742418898809525
2025-12-07,,17.906919642857144
2025-12-08,,13.863287202380954
2025-12-09,,86.19550223214286
2025-12-10,,41.10697842261905
2025-12-11,,49.52019047619048
2025-12-12,,26.949770089285714
2025-12-13,,66.94185416666667
2025-12-14,,33.17168080357143
2025-12-15,,99.84194122023808
2025-12-16,,64.71210416666666
2025-12-17,,37.078127232142855
2025-12-18,,76.73343750000001
2025-12-19,,44.022007440476195
2025-12-20,,35.09478422619048
2025-12-21,,57.154072916666664
2025-12-22,,92.94399925595238
2025-12-23,,12.83219642857143
2025-12-24,,162.26669270833332
2025-12-25,,153.2840744047619
2025-12-26,,159.19327083333332
2025-12-27,,158.4454806547619
2025-12-28,,136.66265773809522
2025-12-29,,21.841520089285716
2025-12-30,,141.19201190476193
2025-12-31,,48.572967261904765
2026-01-01,,22.062627232142855
2026-01-02,,112.59581473214286
2026-01-03,,53.910573660714284
2026-01-04,,107.25522767857144
2026-01-05,,32.107169642857144
2026-01-06,,76.59225446428572
2026-01-07,,17.560171874999998
2026-01-08,,27.29314583333333
2026-01-09,681.9593658536586,11.324645833333333
2026-01-10,268.5132291666667,2.479485119047619
2026-01-11,478.13745833333337,48.24792708333333
2026-01-12,765.1480208333334,19.378864583333332
2026-01-13,542.8085625,44.40736086309524
2026-01-14,221.33452083333336,30.38246279761905
2026-01-15,772.8133541666666,39.68078571428572
2026-01-16,361.26072916666664,84.60470758928571
2026-01-17,110.7394375,140.83970461309522
2026-01-18,128.00929166666666,166.18973214285714
2026-01-19,132.03066666666666,122.27544270833334
2026-01-20,361.57047916666664,139.5002886904762
2026-01-21,731.3576041666668,102.06368005952382
2026-01-22,397.40166666666664,111.0719337797619
2026-01-23,386.85454166666665,64.22395312500001
2026-01-24,276.3193333333333,199.58282217261907
2026-01-25,147.46345833333334,103.88617410714286
2026-01-26,63.38410416666667,29.27567261904762
2026-01-27,474.11022916666667,24.3084375
2026-01-28,39.609,40.405482142857146
2026-01-29,54.47293749999999,20.86821875
2026-01-30,355.770375,106.47175892857142
2026-01-31,169.37591666666668,126.64259598214286
2026-02-01,240.19914583333332,73.75498363095238
2026-02-02,351.9263333333334,75.66487127976191
2026-02-03,544.3219375,36.47418452380953
2026-02-04,399.2228958333333,191.53340922619049
2026-02-05,450.44564583333334,71.66920089285715
2026-02-06,297.42889583333334,64.99322619047618
2026-02-07,480.43643749999995,192.76127976190477
2026-02-08,167.0886875,246.90111904761903
2026-02-09,230.67866666666666,86.42894791666666
2026-02-10,257.07733333333334,64.97963095238094
2026-02-11,489.6652291666667,44.875390625
2026-02-12,366.434625,79.00196577380953
2026-02-13,287.33570833333334,51.95074776785714
2026-02-14,383.98241666666667,146.89852455357143
2026-02-15,564.705,158.1836599702381
2026-02-16,686.2783541666666,136.27458333333334
2026-02-17,608.0145416666667,127.29769791666666
2026-02-18,572.8390416666666,236.45115773809525
2026-02-19,415.90497916666664,106.898484375
2026-02-20,545.3926875,78.83177083333332
2026-02-21,755.1507083333333,61.738680059523816
2026-02-22,950.0132916666666,30.930653273809526
2026-02-23,808.1194583333333,122.44103571428572
2026-02-24,203.59358333333333,66.44557663690476
2026-02-25,294.849375,362.43615625
2026-02-26,521.588,333.27637127976186
2026-02-27,693.7125,192.1860706845238
2026-02-28,721.0628125000001,78.02442336309524
2026-03-01,602.9113333333333,256.45873958333334
2026-03-02,399.96299999999997,395.52563244047616
2026-03-03,105.0906875,375.3472425595238
2026-03-04,100.04570833333334,346.44572321428575
2026-03-05,207.39535416666666,384.9949025297619
2026-03-06,70.78635416666665,250.67430282738093
2026-03-07,86.51587500000001,212.50311830357143
2026-03-08,38.07454166666666,260.5575424107143
2026-03-09,33.9779375,359.89829687499997
2026-03-10,220.728875,150.5712924107143
2026-03-11,651.5818541666666,131.12935714285715
2026-03-12,832.2861041666667,312.45299702380953
2026-03-13,654.207125,66.456625
2026-03-14,133.29378260869566,195.7877950310559
